topico,numero,pergunta,alternativa_a,alternativa_b,alternativa_c,alternativa_d,alternativa_e,resposta
PROTOZOÁRIOS,1,Qual sistema é preferencialmente afetado pela *Leishmania* sp no organismo do hospedeiro?,Sistema digestório,Sistema nervoso,Sistema urinário,Sistema imune,,D
PROTOZOÁRIOS,2,Quais são as duas formas evolutivas apresentadas pela *Leishmania* sp?,Amastigota e tripomastigota,Amastigota e promastigota,Epimastigota e promastigota,Tripomastigota e epimastigota,,B
PROTOZOÁRIOS,3,"No Brasil, qual é o principal vetor da *Leishmania chagasi*, também conhecido como mosquito-palha?",*Lutzomyia longipalpis*,*Stomoxys calcitrans*,*Triatoma infestans*,*Lutzomyia cruzi*,,A
PROTOZOÁRIOS,4,A PCR é uma ferramenta útil para o diagnóstico da leishmaniose. Qual dos materiais a seguir é mais indicado para essa técnica?,Plasma,Soro,Sangue total,Aspirado de linfonodo,,D
PROTOZOÁRIOS,5,Quais são as principais espécies de *Leishmania* encontradas no Brasil associadas à leishmaniose?,"*Leishmania braziliensis*, *L. amazonensis* e *L. infantum*","*L. infantum*, *L. lainsoni* e *L. braziliensis*","*L. amazonensis*, *L. braziliensis* e *L. naiffi*","*L. braziliensis*, *L. amazonensis* e *L. lainsoni*",,A
PROTOZOÁRIOS,6,A *Leishmania* sp apresenta duas formas evolutivas: amastigota e promastigota. Relacione corretamente cada forma com o local onde é encontrada:,A forma amastigota é encontrada no intestino médio do vetor.,A forma promastigota é encontrada apenas no hospedeiro vertebrado.,"A forma promastigota é encontrada no intestino médio do vetor, e a forma amastigota no interior de macrófagos do hospedeiro vertebrado.",A forma amastigota é encontrada no intestino posterior do vetor.,,C
PROTOZOÁRIOS,7,A principal forma de transmissão da Leishmaniose Visceral Canina no Brasil é:,Picada de flebotomíneos infectados,Transmissão transplacentária,Contato com secreções orais,Mordedura entre cães infectados,,A
PROTOZOÁRIOS,8,Qual dos sinais clínicos abaixo é mais característico em cães com leishmaniose visceral?,Diarreia profusa e aguda,"Uveíte, epistaxe e onicogrifose",Convulsões e claudicação,Hipertermia com vômitos,,B
PROTOZOÁRIOS,9,"A respeito do controle da leishmaniose visceral canina, é CORRETO afirmar:",A vacina substitui o uso de coleiras repelentes,O diagnóstico é feito apenas por exame clínico,A transmissão ocorre apenas em áreas rurais.,O uso de inseticidas e coleiras repelentes faz parte da estratégia de controle,,D
PROTOZOÁRIOS,10,"Este protozoário apresenta uma estrutura rica em DNA mitocondrial, conhecida por ser densamente corada e visível à microscopia de luz, especialmente na forma tripomastigota. Essa estrutura é característica do *Trypanosoma* sp. Trata-se da estrutura:",Bodônia,Cinetoplasto,Micronúcleo,Vacúolo contrátil,Axonema,B
PROTOZOÁRIOS,11,"O principal vetor do Trypanosoma cruzi, agente etiológico da Doença de Chagas, é:",*Glossina spp.*,*Triatoma infestans*,*Stomoxys calcitrans*,*Haematobia irritans*,*Tabanus spp.*,B
PROTOZOÁRIOS,12,A transmissão mecânica é uma característica importante na epidemiologia de qual das seguintes espécies de Trypanosoma?,*Trypanosoma cruzi*,*Trypanosoma brucei*,*Trypanosoma evansi*,*Trypanosoma rangeli*,*Trypanosoma equiperdum*,C
PROTOZOÁRIOS,13,O ciclo do *Trypanosoma vivax* se caracteriza por:,Necessitar de vetor biológico obrigatório para completar seu ciclo.,Ser transmitido por fezes contaminadas do vetor.,Ser transmitido exclusivamente por transfusão sanguínea.,"Apresentar ciclo predominantemente mecânico, sem necessidade de desenvolvimento no vetor.",,D
PROTOZOÁRIOS,14,"Em relação à prevenção e controle da tripanossomíase causada por *T. evansi* em equinos e bovinos, é correto afirmar:",A vacinação é a principal forma de prevenção.,A eliminação de triatomíneos é essencial no controle da doença.,O uso de repelentes e controle de vetores mecânicos são medidas recomendadas.,O tratamento profilático com benzonidazol elimina totalmente o parasito.,"A doença só ocorre em regiões urbanas, não sendo preocupação em áreas rurais.",C
PROTOZOÁRIOS,15,"Sobre os hospedeiros e manifestações clínicas associadas aos tripanossomas abaixo, assinale a alternativa correta:","*T. cruzi* causa sintomatologia apenas em felinos, com quadro neurológico.",*T. evansi* é restrito a roedores silvestres.,"*T. vivax* causa doença em ruminantes, com febre, anemia e perda de peso.",*T. cruzi* é transmitido por via venérea entre equinos.,*T. vivax* infecta exclusivamente humanos.,C
PROTOZOÁRIOS,16,"Quanto ao modo de transmissão dos tripanossomas, considere as afirmações e marque a alternativa incorreta:",A transmissão estercorária ocorre quando o parasito é eliminado pelas fezes do vetor.,A transmissão salivar está associada à liberação do parasito junto à saliva do vetor durante a picada.,*Trypanosoma cruzi* é transmitido por via salivar.,*Trypanosoma vivax* e *T. evansi* são transmitidos por via salivária.,,C
PROTOZOÁRIOS,17,"Em relação ao controle da tripanossomíase causada por *Trypanosoma cruzi*, assinale a alternativa INCORRETA:",Melhorias habitacionais são importantes para reduzir abrigos de vetores.,O uso de inseticidas domiciliares é uma medida preventiva eficaz.,Animais domésticos podem atuar como reservatórios do parasito.,A vacinação em massa é a principal forma de prevenção.,,D
PROTOZOÁRIOS,18,"O *Trypanosoma evansi* pode infectar diversas espécies animais, inclusive equídeos, camelos e carnívoros. A doença causada por esse parasita é conhecida como:",Surra,Bambeira,Malária equina,Dourina,,A
PROTOZOÁRIOS,19,"No ciclo do *Trypanosoma cruzi*, a forma morfológica infectante para o hospedeiro vertebrado é:",Promastigota,Amastigota,Epimastigota,Tripomastigota metacíclico,,D
PROTOZOÁRIOS,20,A transmissão do *Trypanosoma evansi* difere da de *T. cruzi* pois:,Envolve desenvolvimento obrigatório no vetor,Depende da ingestão de fezes infectadas,"Ocorre de forma mecânica, sem multiplicação no vetor",Requer a presença de moluscos intermediários,,C
PROTOZOÁRIOS,21,A doença conhecida como “Mal das cadeiras” em equinos é causada por:,*Trypanosoma cruzi*,*Trypanosoma vivax*,*Trypanosoma equiperdum*,*Trypanosoma evansi*,,D
PROTOZOÁRIOS,22,Um ponto em comum entre *T. vivax* e *T. evansi* é:,Ambos necessitam de vetores biológicos hematófagos,Ambos se multiplicam exclusivamente no intestino do vetor,Ambos podem ser transmitidos mecanicamente por moscas,Ambos infectam exclusivamente carnívoros domésticos,,C
PROTOZOÁRIOS,23,O hospedeiro definitivo de *Toxoplasma gondii* é:,O cão,O gato,O homem,O rato,,B
PROTOZOÁRIOS,24,Qual das formas abaixo é eliminada pelas fezes dos felinos infectados?,Taquizoíto,Bradizoíto,Cisto tecidual,Oocisto esporulado,,D
PROTOZOÁRIOS,25,A infecção por *Toxoplasma gondii* pode ocorrer por meio de:,Inalação de oocistos,Ingestão de carne malcozida contendo cistos,Contato com gotículas de saliva,Mordida de inseto vetor,,B
PROTOZOÁRIOS,26,A forma de multiplicação ativa e disseminação do parasita no organismo é o:,Oocisto,Cisto tecidual,Taquizoíto,Bradizoíto,,D
PROTOZOÁRIOS,27,A fase crônica da infecção por *T. gondii* é caracterizada pela presença de:,Oocistos esporulados,Taquizoítos circulantes,Bradizoítos em cistos teciduais,Esporozoítos no sangue,,C
PROTOZOÁRIOS,28,A eliminação dos oocistos ocorre principalmente por:,Humanos infectados,Gatos infectados durante infecção,Animais herbívoros infectados,Insetos hematófagos,,B
PROTOZOÁRIOS,29,O principal método de prevenção da toxoplasmose em humanos é:,Uso de vacinas anuais,Evitar contato com pessoas infectadas,Evitar o consumo de carne malcozida e higiene alimentar,Ingerir suplementos vitamínicos,,C
PROTOZOÁRIOS,30,O ciclo de vida do *Toxoplasma gondii* é considerado:,Monoxênico,"Direto, sem necessitar de hospedeiros intermediários","Heteroxênico, com hospedeiros definitivos e intermediários",Exclusivo de felinos,,C
PROTOZOÁRIOS,31,"Nos gatos, a eliminação de oocistos ocorre por quanto tempo após a infecção primária?",Indefinidamente,Cerca de 1 a 2 semanas,Apenas durante a fase adulta,"Apenas se forem filhotes, devido à imunidade.",,B
PROTOZOÁRIOS,32,Qual das alternativas melhor descreve a conversão entre formas de *T. gondii* no hospedeiro?,Oocistos se transformam diretamente em cistos teciduais no intestino do hospedeiro definitivo.,Taquizoítos se convertem em bradizoítos na infecção aguda.,Bradizoítos podem se converter em taquizoítos diante de queda da imunidade do hospedeiro.,A conversão de taquizoítos para bradizoítos é um evento exclusivo do hospedeiro definitivo.,,C
PROTOZOÁRIOS,33,"No ciclo heteroxênico do *Toxoplasma gondii*, a esporulação dos oocistos no ambiente ocorre:",Imediatamente após a eliminação fecal pelo gato,Somente dentro do hospedeiro intermediário,"Após 24h no ambiente, dependendo da umidade e temperatura",Apenas em ambientes com temperatura superior a 37°C,,C
PROTOZOÁRIOS,34,A esporulação do oocisto ocorre:,No intestino do gato,No ambiente,No músculo do hospedeiro,No sangue,,B
PROTOZOÁRIOS,35,Forma intracelular responsável pela fase aguda:,Oocisto,Esporozoíto,Taquizoíto,Bradizoíto,,C
PROTOZOÁRIOS,36,A forma infectante presente nos tecidos é o(a):,Oocisto esporulado,Cisto com taquizoítos,Taquizoíto intracelular,Bradizoíto em cistos teciduais,,D
PROTOZOÁRIOS,37,Qual espécie animal é considerada o hospedeiro definitivo de *Neospora caninum*?,Bovinos,Ovinos,Cães,Suínos,,C
PROTOZOÁRIOS,38,Como ocorre a transmissão vertical da neosporose em bovinos?,Por via transcutânea no feto,Pela ingestão de oocistos presentes no leite,Por via transplacentária da vaca infectada para o feto,Pelo contato com secreções nasais de cães,,C
PROTOZOÁRIOS,39,A neosporose é uma causa importante de:,Mastite contagiosa,Abortamento em bovinos,Diarreia neonatal em suínos,Enterite em equinos,,B
PROTOZOÁRIOS,40,"Em casos de infecção congênita em cães, a infecção por *Neospora caninum* pode levar a:",Insuficiência renal crônica,Distúrbios neuromusculares,Pneumonia intersticial,É assintomático,,B
PROTOZOÁRIOS,41,Os oocistos de *Neospora caninum* são eliminados por:,"Bovinos, pelo leite","Cães, na fezes",Ovelhas e cabras no leite,Suínos por via urinária,,B
PROTOZOÁRIOS,42,O principal mecanismo de persistência da infecção em rebanhos bovinos é:,Transmissão horizontal,Recirculação ambiental de oocistos,Transmissão vertical,Recontaminação fecal-oral constante por gatos,,C
PROTOZOÁRIOS,43,Os tecidos mais frequentemente afetados em bovinos abortados por neosporose são:,"Fígado, baço e rim","Intestino, pulmão e cérebro","Cérebro, fígado e coração","Rins, pâncreas e coração",,C
PROTOZOÁRIOS,44,"Em relação à transmissão da neosporose, é correto afirmar que:",Cães são hospedeiros intermediários apenas,A transmissão horizontal é mais importante que a vertical em bovinos,"Os cães podem ter o ciclo completo, sem precisar de intermediários",Cães transmitem a doença através da mordedura,,C
PROTOZOÁRIOS,45,A neosporose afeta principalmente quais animais?,Cães e bovinos,Cães e gatos,Cães e suínos,Cães e equinos,,A
PROTOZOÁRIOS,46,O controle da neosporose em rebanhos bovinos deve priorizar:,Evitar o acesso de gatos nas pastagens,Impedir o contato dos bezerros com animais do rebanho infectados,Evitar o acesso de cães ao pasto e a ingestão de placentas/feto abordado,Vacinação de novilhas com vírus vivo atenuado,,C
PROTOZOÁRIOS,47,Qual das alternativas apresenta corretamente um grupo de hospedeiros intermediários de *Neospora caninum*?,"Cães, gatos e suínos","Bovinos, ovinos e caprinos","Cães, aves e equinos","Gatos, roedores e suínos",,B
PROTOZOÁRIOS,48,"Como os cães geralmente adquirem infecção por *Neospora caninum*, tornando-se hospedeiros definitivos?",Por ingestão de água contaminada com oocistos esporulados eliminados por bovinos infectados,Por consumo de tecidos de hospedeiros intermediários contendo cistos com bradizoítos,Por inalação de oocistos eliminados por outros cães,Por contato direto com secreções vaginais de vacas abortadas,,B
PROTOZOÁRIOS,49,A principal via de transmissão da criptosporidiose é:,Transmissão venérea,Ingestão de oocistos esporulados contaminando água e alimento,Picada de mosquitos vetores,Transmissão transplacentária,,B
PROTOZOÁRIOS,50,Quais são os principais sinais clínicos da criptosporidiose?,Diarreia aquosa e cólicas abdominais,Anemia severa e náusea,Fraqueza muscular,Problemas motores,,A
PROTOZOÁRIOS,51,Qual é o agente etiológico mais comum da criptosporidiose em mamíferos?,*Cryptosporidium nasoum*,*Eimeria tenella*,*Cryptosporidium parvum*,*Cryptosporidium meleagrides*,,C
PROTOZOÁRIOS,52,"A respeito do ciclo de vida do Cryptosporidium spp., é correto afirmar que:",Requer um hospedeiro intermediário para completar seu ciclo,"Possui ciclo direto, com transmissão fecal-oral",Seu ciclo inclui a fase de ovo embrionado no solo,Só se desenvolve fora do hospedeiro,,B
PROTOZOÁRIOS,53,Uma limitação do diagnóstico de criptosporidiose pelo exame coproparasitológico direto é:,Elevada sensibilidade que gera resultados falso-positivos,"Dificuldade em visualizar os pequenos oocistos, o que demanda habilidade técnica e atenção rigorosa","Exclusividade na detecção apenas de ovos helmínticos, não identificando protozoários","Necessidade obrigatória de microscopia eletrônica para confirmação, em decorrência do seu reduzido tamanho",,B
PROTOZOÁRIOS,54,Qual é a razão da resistência dos oocistos de Cryptosporidium à cloração da água?,Parede dupla espessa e resistente,Ausência de parede celular,Presença de cápsula gelatinosa hidrossolúvel,Ciclo exclusivamente intracelular,,A
PROTOZOÁRIOS,55,"Em relação à prevenção da criptosporidiose, é correto afirmar:",A pasteurização do leite não tem efeito sobre oocistos,Apenas medicamentos profiláticos são eficazes,Filtrar e ferver a água são medidas preventivas importantes,Apenas o isolamento dos animais doentes resolve o problema,,C
PROTOZOÁRIOS,56,"Com relação aos hospedeiros, o Cryptosporidium spp.:",Possui ciclo heteroxênico com hospedeiro intermediário,Infecta principalmente cães e gatos,Infecta apenas ruminantes jovens,Infecta diversas espécies,,D
PROTOZOÁRIOS,57,"Sobre o gênero *Cryptosporidium*, assinale a alternativa correta:",Trata-se de um protozoário com distribuição limitada a regiões tropicais.,"Possui especificidade parasitária elevada, infectando apenas mamíferos.","É cosmopolita e pode infectar uma ampla variedade de hospedeiros, incluindo humanos.",Seus oocistos apresentam esporocistos com quatro esporozoítos cada.,,C
PROTOZOÁRIOS,58,"Em relação à patogenia do Cryptosporidium spp., é correto afirmar que:","A infecção provoca proliferação das microvilosidades intestinais, aumentando a absorção.",Os oocistos liberam toxinas que causam necrose hepática.,"O parasita penetra nas células intestinais, causa atrofia de vilos e reduz a absorção de nutrientes.",A diarreia resulta da invasão do tecido muscular liso intestinal.,,C
PROTOZOÁRIOS,59,"Sobre a etiologia da isosporose, assinale a alternativa correta:",É causada por espécies do gênero *Eimeria*.,"Está relacionada ao gênero *Cystoisospora* em cães, gatos e suínos.",Envolve apenas espécies bacterianas oportunistas.,Afeta exclusivamente suínos.,,B
PROTOZOÁRIOS,60,Qual órgão é primariamente afetado pelas espécies de *Cystoisospora* nos hospedeiros?,Coração,Pulmões,Intestino,Sistema urinário,,C
PROTOZOÁRIOS,61,A infecção por *Isospora suis* em suínos ocorre mais frequentemente:,Por ingestão de alimentos fermentados,"Durante a gestação da fêmea, por via transplacentária","Coprofagia de oocistos eliminados pela fêmea no período peripuerperal, por parte dos leitões","Após o desmame, via aleitamento",,C
PROTOZOÁRIOS,62,Um hospedeiro paratênico na isosporose:,É necessário para que o ciclo do parasita se complete,Não participa do ciclo biológico,Roedores atuam como hospedeiros paratênicos,Elimina oocistos esporulados diretamente nas fezes,,C
PROTOZOÁRIOS,63,Assinale a alternativa correta sobre oocistos de *Cystoisospora* eliminados nas fezes:,"Já saem esporulados, pois não possuem o esporocisto",Saem não esporulados e esporulam no ambiente,Não representam risco de infecção,Requerem um hospedeiro intermediário para esporular,,B
PROTOZOÁRIOS,64,Os cistos extra-intestinais são encontrados:,Em hospedeiros intermediários,Em hospedeiros definitivos,"Em hospedeiros paratênicos, como roedores",Exclusivamente em suínos,,C
PROTOZOÁRIOS,65,Qual das espécies abaixo acomete suínos?,*Cystoisospora ahienses*,*Isospora suis*,*Cystoisospora canis*,*Isospora  rivolta*,,B
PROTOZOÁRIOS,66,"Sobre o controle da isosporose, marque a alternativa incorreta:",A limpeza regular das instalações é essencial,O calor úmido ou vapor pode destruir oocistos,"A fervura não destrói os oocistos, devendo ser evitada",A higiene é uma das principais formas de prevenção,,C
PROTOZOÁRIOS,67,"A respeito do ciclo biológico da isosporose, marque a alternativa correta:",A fase assexuada ocorre apenas em hospedeiros paratênicos.,O oocisto eliminado nas fezes já está esporulado.,O ciclo pode ser completado sem a presença do hospedeiro paratênico.,O parasita depende exclusivamente do ciclo heteroxênico.,,C
HELMINTOS,68,Qual das alternativas melhor descreve os efeitos da isosporose nos suínos neonatos?,"Constipação, vômito e convulsões.","Diarreia, desidratação, perda de peso e inapetência.","Prurido intenso, dermatite e febre.","Taquicardia, prostração e vômito.",,B
HELMINTOS,69,"Entre os seguintes parasitas gastrintestinais, o mais patogênico para ovinos e caprinos é:",Trichostrongylus axei,Haemonchus contortus,Ostertagia circumcincta,Cooperia punctata,,B
HELMINTOS,70,Qual alterna está correta:,O haemonchus sp é hematofago e causa pontos hemorragicos,O haemonchus sp causa nódulos na mucosa gástrica,A forma infectante do haemonchus sp é a L1,"Entre os parasitas: haemonchus spp, ostertagia spp e trichostrongylus axei, este último é o mais patogênico para ruminantes",,A
HELMINTOS,71,Qual alternativa esta incorreta sobre a haemonchus spp,O haemonchus spp é parasita de abomaso de ruminantes,"É um parasita hematófago, causando anemia, edema, gastrite e diarreia osmótica",Pertence a superfamília rhabditoidea,A doença clinica afeta mais animais jovens e os adultos são fontes de infecção,,C
HELMINTOS,72,"Parasito da superfície da mucosa do abomaso, causa anemia, pontos hemorrágicos, edema e diarreia osmótica, possui maior patogenicidade para ovinos e caprinos. De qual helmintose pertence essas características?",Trichostrongylus axei,Strongyloides spp,Nematodirus spp,Haemonchus sp,,D
HELMINTOS,73,Qual é o principal mecanismo patogênico causado por *Haemonchus contortus* em ovinos?,Obstrução intestinal com necrose.,Inibição da motilidade gastrointestinal.,Hematofagia que leva a anemia severa em alguns animais.,Estímulo da secreção de muco e aumento da motilidade intestinal.,,C
HELMINTOS,74,"Em uma infestação por *Haemonchus spp.*, qual é um sinal clínico característico observado nos animais afetados?",Mucosas hiperemiadas e aumento de salivação.,Mucosas pálidas e presença de edema submandibular.,Hipertermia e secreção nasal purulenta.,Diarreia sanguinolenta intensa.,,B
HELMINTOS,75,Qual das opções abaixo representa uma estratégia preventiva eficaz contra infecções por *Haemonchus* em rebanhos?,Uso contínuo de um único princípio ativo anti-helmíntico,Afastar os animais de áreas sombreadas,Implantação de controle integrado com rotação de pastagens,Suspensão da alimentação concentrada nos períodos chuvosos,,C
HELMINTOS,76,"Após ser ingerida pelo hospedeiro, onde a larva L3 de *Haemonchus* se desenvolve em forma adulta?",No intestino grosso,No fígado,No abomaso,No pulmão,,C
HELMINTOS,77,Qual é o local de desenvolvimento do estágio larval infectante (L3) de *Haemonchus contortus*?,No rúmen do hospedeiro.,"No ambiente, principalmente  em pastagens úmidas.","No intestino delgado, especificamente no jejuno.",No sangue periférico do animal.,,B
HELMINTOS,78,Qual das alternativas representa um fator ambiental que favorece a ocorrência de surtos de haemoncose em ruminantes?,"Climas úmidos e frios, com baixa umidade.","Pastagens altas e secas, com pouca densidade animal.","Climas quentes e úmidos, com manejo inadequado de pastagens.",Presença de solo arenoso e acúmulo de matéria orgânica seca.,,C
HELMINTOS,79,".Sobre a ostertagia, qual a alternativa correta?",Pertence à superfamília Ancylostomatidae.,"Localiza-se entre as glândulas gástricas, podendo causar diarreia, anemia, gastrite e emagrecimento.","Reduz o pH gástrico, levando à acidose ruminal grave.",Pode ser diferenciada de *Haemonchus spp.* na necropsia por não formar nódulos na mucosa gástrica.,,B
HELMINTOS,80,Qual é o principal local de instalação dos vermes adultos de *Ostertagia spp.* em ruminantes?,Rúmen,Retículo,Abomaso,Intestino delgado,,C
HELMINTOS,81,A destruição das células parietais pelas larvas de *Ostertagia spp.* resulta em:,Aumento da secreção de ácido clorídrico,Hemorragia grave no intestino,Aumento do pH gástrico e falha na digestão proteica,Estímulo à motilidade intestinal,,C
HELMINTOS,82,Um dos achados macroscópicos mais característicos da ostertagiose na necropsia é:,Hemorragias intensas no intestino,Nódulos na mucosa do abomaso,Lesões hepáticas com necrose,Dilatação do ceco e do cólon,,B
HELMINTOS,83,"Em relação ao ciclo de vida de *Ostertagia spp.*, é correto afirmar:",O ciclo é direto e não envolve estágio de vida livre,O desenvolvimento das larvas no ambiente não depende da temperatura,A larva L3 é a forma infectante ingerida pelo hospedeiro,A infecção ocorre exclusivamente por penetração cutânea,,C
HELMINTOS,84,Qual dos sinais clínicos abaixo é mais comum em casos de ostertagiose clínica em bovinos jovens?,Tosse seca,Mucosas cianóticas,Diarreia aquosa e perda de peso,Hipertermia intensa e secreção nasal,,C
HELMINTOS,85,O método mais utilizado para diagnóstico de rotina de ostertagiose é:,Sorologia por ELISA,Biópsia gástrica endoscópica,Exame coproparasitológico com contagem de ovos por grama,Cultura de larvas a partir de sangue periférico,,C
HELMINTOS,86,"Em infecções graves por *Ostertagia spp.*, a hipoproteinemia e a anemia leve ocorrem principalmente devido a:",Lesão hepática causada pela migração larval,Perda de sangue por ulcerações intestinais,Aumento da motilidade intestinal e desidratação,Danos na mucosa do abomaso que comprometem a digestão e absorção,,D
HELMINTOS,87,O termo “hipobiose” no contexto da ostertagiose refere-se a:,Multiplicação acelerada das larvas L1 no ambiente,Morte súbita das larvas devido ao sistema imune do hospedeiro,"Estado de latência das larvas no abomaso, com interrupção do desenvolvimento",Fase adulta do parasita que se instala no intestino delgado,,C
HELMINTOS,88,Qual das opções abaixo não representa uma medida eficaz de controle da ostertagiose?,Pastoreio rotacionado para reduzir contaminação,Tratamento seletivo com base no FAMACHA,Uso estratégico de anti-helmínticos,"Uso contínuo do mesmo vermífugo, com diagnóstico",,D
HELMINTOS,89,"Após a ingestão da larva L3 de *Ostertagia spp.*, qual o próximo passo no ciclo dentro do hospedeiro?",Migração para o fígado onde se transforma em L4,Penetração nas glândulas gástricas do abomaso e transformação em L4,Circulação no sangue periférico antes de atingir o intestino,Liberação de toxinas diretamente no rúmen,,B
HELMINTOS,90,Qual alternativa está correta?,O trichostrongylus axei é encontrado na mucosa intestinal,O principal sinal clínico apresentado durante a infecção por *trichostrongylus axei* é anemia,Ocorre formação de nódulo sobre a mucosa em infecções crônicas e reinfecções,"Pertence a superfamília trichostrongyloidea, sendo encontrado na mucosa intestinal",,C
HELMINTOS,91,"Sobre o parasita *Trichostrongylus axei*, assinale a alternativa correta:",É um parasita hematófago que se aloja no intestino delgado de ruminantes.,Elimina nas fezes ovos larvados com larvas no estágio L3.,"A forma infectante é a larva de terceiro estágio (L3), ingerida com o pasto.",Ocorre com maior frequência em animais adultos devido à imunidade adquirida.,,C
HELMINTOS,92,Onde ocorre a localização principal de *Trichostrongylus axei* no hospedeiro ruminante?,Intestino delgado,Abomaso,Ceco,Rúmen,,D
HELMINTOS,93,Qual sintoma é mais comum em infecções por *Trichostrongylus axei*?,Diarreia mucosa e persistente,Anorexia e emagrecimento gradual,Paralisia progressiva,Coceira intensa na pele,,B
HELMINTOS,94,O que diferencia *Trichostrongylus axei* de outros trichostrongylídeos do trato gastrintestinal?,Sua localização primária no rúmen e retículo,Seu ciclo de vida indireto com caramujos como hospedeiros intermediários,Capacidade de migrar para pulmões durante o ciclo,Produção de ovos maiores que outros trichostrongylídeos,,A
HELMINTOS,95,Qual das seguintes espécies pode ser hospedeira de *Trichostrongylus axei*?,Apenas bovinos,"Bovinos, ovinos, equinos e suínos",Apenas ovinos,Apenas equinos,,B
HELMINTOS,96,"Sobre a patogenia de *Trichostrongylus axei*, assinale a alternativa correta:",As larvas adultas causam necrose extensa da mucosa intestinal.,O parasita penetra nas glândulas gástricas do abomaso formando nódulos visíveis.,A presença do parasita no rúmen causa inflamação e prejuízo na digestão ruminal.,O parasita produz toxinas que causam obstrução intestinal grave.,,C
HELMINTOS,97,Marque a alternativa CORRETA sobre o gênero *Cooperia*:,A forma infectante é a larva de segundo estágio (L2).,As larvas penetram profundamente na mucosa gástrica.,A infecção pode causar enterite catarral com exsudato fibrino-necrótico.,Elimina nas fezes ovos larvados em estágio L3.,,C
HELMINTOS,98,Marque a alternativa INCORRETA sobre *Cooperia spp.*:,A infecção pode provocar diarreia mucosa.,É um nematoide que parasita o intestino delgado.,"Suas larvas infectantes penetram profundamente na mucosa intestinal, formando nódulos",Pode causar espessamento da parede intestinal.,,C
HELMINTOS,99,Qual é o principal local de fixação de *Cooperia* spp. nos ruminantes?,Rúmen,Intestino grosso,Intestino delgado,Abomaso,,C
HELMINTOS,100,A infecção por *Cooperia* spp. é mais comum em:,Ruminantes adultos imunizados,Animais jovens e desmamados,Neonatos com menos de 15 dias,Vacas em final de gestação,,B
HELMINTOS,101,"Por que o diagnóstico específico de *Cooperia* spp. em ruminantes, a partir do exame coprológico, pode ser desafiador?",Porque os ovos são pouco eliminados durante a fase adulta do parasita,Porque os ovos podem ser destruídos durante o processamento das amostras,Porque os ovos apresentam morfologia semelhante à de outros nematoides da superfamília *Trichostrongyloidea*,"Porque a maioria dos parasitas permanece em hipobiose, sem se reproduzi",,C
HELMINTOS,102,Marque a alternativa CORRETA sobre o gênero *Nematodirus*:,Os adultos penetram nas glândulas intestinais e causam anemia grave.,"As larvas penetram na mucosa, formando nódulos","Os vermes adultos enrolam-se entre as vilosidades intestinais, causando lesão no epitélio.",Ovos são eliminados já na forma de larva L3 nas fezes.,,C
HELMINTOS,103,Marque a alternativa INCORRETA sobre o gênero Nematodirus:,Os ovos eliminados nas fezes estão no estágio de mórula.,A forma infectante é a larva de terceiro estágio (L3).,"Os adultos causam ruptura do epitélio intestinal, levando à diarreia.","As larvas penetram profundamente na mucosa intestinal, causando nódulos hemorrágicos.",,D
HELMINTOS,104,Qual é a principal localização anatômica de *Nematodirus* spp. em ruminantes?,Rúmen,Intestino delgado,Intestino grosso,Abomaso,,B
HELMINTOS,105,Qual o principal sinal clínico associado à nematodirose em ovinos e bovinos jovens?,Anemia intensa e mucosas pálidas,Tosse seca e secreção nasal,"Diarreia catarral, emagrecimento e desidratação",Cólicas abdominais com timpanismo,,C
HELMINTOS,106,A presença de larvas em desenvolvimento de *Nematodirus* spp. no intestino delgado pode causar:,Hipertrofia da mucosa colônica,"Atrofia das vilosidades intestinais, dificultando a absorção de nutrientes",Ulcerações profundas no rúmen,Degeneração das células hepáticas,,B
HELMINTOS,107,Qual das alternativas descreve corretamente uma característica morfológica ou comportamental dos vermes adultos de *Nematodirus* spp. no intestino de ruminantes?,Possuem cápsula bucal com dentes que permitem perfuração da mucosa,Penetram na mucosa intestinal para se alimentarem de sangue,Ficam enrolados entre as vilosidades intestinais em contato com a mucosa,Permanecem ancorados à mucosa por meio de estruturas espiculares adaptadas à locomoção,,C
HELMINTOS,108,Por que *Nematodirus* spp. é considerado um parasita de grande importância clínica em cordeiros?,Porque causa hipoproteinemia e icterícia nos animais jovens,Porque sua ação hematófaga pode levar à anemia profunda em todas as idades,"Porque em animais jovens pode provocar diarreia grave, desidratação e atraso no desenvolvimento","Porque sua fase larval migra para o fígado, causando necrose hepática difusa",,C
HELMINTOS,109,"Em relação ao ciclo de Bunostomum spp., assinale a alternativa correta:",A infecção ocorre exclusivamente pela via oral.,"A forma infectante é a larva L3, que pode penetrar pela pele ou ser ingerida.","Após penetração, a larva vai diretamente ao intestino delgado, sem migração.","Não causa anemia, apenas dermatite leve.",,B
HELMINTOS,110,Marque a alternativa CORRETA sobre Bunostomum spp.:,"Os adultos não se alimentam de sangue, mas apenas do conteúdo intestinal.","A forma infectante é a larva de segundo estágio (L2), que penetra pela pele.",A infecção percutânea pode causar dermatite pruriginosa nos membros.,"O ciclo não inclui migração pulmonar, mesmo na infecção cutânea.",,C
HELMINTOS,111,Marque a alternativa INCORRETA sobre *Bunostomum spp.*:,A forma infectante pode ser adquirida tanto por via oral quanto percutânea.,As larvas que entram pela pele migram pelo coração e pulmões antes de atingir o intestino.,O parasita está relacionado a quadros de anemia e edema.,A forma L3 adquirida pela via oral passam pelo pulmão e coração antes de chegarem no intestino,,D
HELMINTOS,112,Marque a alternativa CORRETA sobre a infecção causada por Strongyloides papillosus:,A infeção só ocorre pela via oral e percutanea,"A infecção pode ocorrer por via oral, percutânea e também transmamária em neonatos.",A L2 é a forma infectante da via oral,"O parasita elimina ovos em estágio de mórula, que se desenvolvem no ambiente.",,B
HELMINTOS,113,Marque a alternativa INCORRETA sobre a biologia de *Strongyloides papillosus*:,O ciclo de vida pode incluir uma fase de vida livre com reprodução sexuada.,A forma adulta parasitária é composta apenas por machos haploides que se reproduzem sexualmente no intestino.,A espécie apresenta fêmeas partenogenéticas triploides na fase parasitária.,A larva L4 é resistente ao ambiente ácido do estômago.,,B
HELMINTOS,114,"Em relação ao gênero Oesophagostomum, é correto afirmar:",A forma infectante L3 penetra nas glândulas gástricas formando nódulos que se rompe após se tornar L4,As larvas se transformam em L4 fora da mucosa intestinal.,O rompimento de nódulos causa lesão e diarreia no intestino grosso.,O rompimento dos nódulos na fase L5 resulta em lesão e diarreia no intestino grosso,,C
HELMINTOS,115,Marque a alternativa CORRETA sobre *Oesophagostomum spp.*:,"A forma infectante é a larva L2, que se desenvolve na corrente sanguínea.","A larva L3 penetra na mucosa do intestino grosso, formando nódulos.",A infecção ocorre exclusivamente por via transmamária em animais jovens.,A espécie *O. columbiano* é encontrada em bovinos e suínos.,,B
HELMINTOS,116,Doença que  causa condenação de vísceras  intestinais.,Hemoncose,Hidatidose,Cisticercose,Oesophagostomose,,D
HELMINTOS,117,As formas de infecção pelo parasita *Toxocara vitulorum*  ocorre:,Pela via oral e transplacentária,Pela via oral e transmamária,Pela via transmamária e cutânea,"Pela via oral, transmamária e cutânea",,B
HELMINTOS,118,Qual alternativa está correta sobre a toxocara vitulorum,Pertence a família anoplocephalidae,São parasitas pequenos,Infecção ocorre pela via oral e transplacentária,Animais podem apresentar problemas neurológicos devido absorção de excretas do parasita,,D
HELMINTOS,119,Quais desses NÃO é considerado uma forma assertiva de controle dos helmintos em ruminantes?,Realizar descontaminação das pastagens,Tratar todos os animais para eliminar 100% dos helmintos do rebanho,Separar animais por faixa etária,Utilizar o método FAMACHA como ferramenta auxiliar na identificação de animais parasitados,Trocar princípio ativo dos fármacos após uso prolongado do mesmo,B
HELMINTOS,120,Sobre a enfermidade conhecida como ferida de verão. Qual agente parasitário está envolvido:,"Habronema microstoma, Habronema muscae, Draschia megastoma",Anoplocephla sp e habronema microstoma  e Draschia megastoma,Draschia microstoma e Habronema muscae,Parascaris equorum e Draschia microstoma e habronema microstoma,"Habronema microstoma, Habronema muscae, parascaris equorum",A
HELMINTOS,121,Marque a alternativa INCORRETA sobre o ciclo dos parasitas *Habronema* e *Draschia*:,"A transmissão envolve insetos como moscas, que atuam como vetores e hospedeiros intermediários.",A forma L3 é responsável pela infecção e pode seguir um ciclo errático ao invadir tecidos fora do trato digestivo.,"Os ovos eliminados nas fezes contém as larvas de terceiro estágio L3, as formas L4,  ocorrem dentro da mosca, sendo L4 a forma infectante",A infecção cutânea é mais comum em períodos quentes e úmidos do ano.,,C
HELMINTOS,122,Marque a alternativa CORRETA sobre *Strongyloides westeri*:,"A forma infectante é o ovo embrionado com L1, ingerido pelo potro nas primeiras horas de vida.",A infecção por *S. westeri* ocorre apenas por via oral e  transplacentária,"Os potros podem se infectar por via oral, percutânea ou transmamária com larvas L3.",Os machos triploides são os responsáveis pela fase parasitária no intestino.,,C
HELMINTOS,123,Marque a alternativa INCORRETA sobre o Strongyloides westeri:,"A eliminação ocorre por ovos larvados, geralmente encontrados nas fezes.","Os indivíduos parasitários são fêmeas triploides, que se reproduzem por partenogênese.",O parasito frequentemente causa quadros severos de pneumonia e necrose hepática em potros recém-nascidos.,Infecção só ocorre pela via oral e transmamária,,C
HELMINTOS,124,Marque a alternativa CORRETA sobre Parascaris equorum:,"Os potros geralmente eliminam larvas L3 nas fezes, que se tornam infectantes no ambiente.",A forma infectante é a larva L1 presente no intestino dos equinos adultos.,"A infecção ocorre por ovos contendo larva L3, e o parasito realiza migração hepato-traqueal.",A forma adulta vive no fígado e causa necrose extensa nesse órgão,,C
HELMINTOS,125,Marque a alternativa CORRETA sobre as características de Parascaris equorum:,"O parasita é autolimitante após os 18 meses de idade, e os adultos são fontes de infeção",Os vermes adultos medem cerca de 5 a 6 cm e vivem no sangue periférico.,"Os ovos desse parasita são frágeis, sobrevivendo por no máximo 3 semanas no ambiente.",A infecção não apresenta cólica trombo embólicas,,A
HELMINTOS,126,Marque a alternativa INCORRETA sobre Parascaris equorum:,É comum a transmissão transmamária devido à latência da L3 nos tecidos da égua.,A presença de vermes adultos pode levar à obstrução intestinal e cólicas em potros.,"Animais adultos são resistentes e não eliminam ovos, devido a resistência não chegam nem a eliminar nas fezes","Em alguns casos, sinais neurológicos como tremores e problemas motores podem ser observados.",,C
HELMINTOS,127,Marque a alternativa CORRETA sobre a Anoplocephala sp,A forma infectante é L3 presente nas fezes do hospedeiro definitivo.,A infecção ocorre pela ingestão de ácaros oribatídeos,"Esses parasitas são comuns em cães, gatos e humanos.",As formas adultas causam lesões principalmente no sistema respiratório,,B
HELMINTOS,128,Sobre a Anoplocephala sp quais sinais clínicos não estão relacionados com sua infeção?,Cólicas e pneumonias,Lesão hepática e pneumonias,Cólicas e obstrução,Pneumonias e dispneia,,C
HELMINTOS,129,Qual é um dos principais sinais clínicos associados à infecção por Oxyuris equi?,Hemorragia digestiva,Prurido anal,Edema subcutâneo,Diarreia osmótica,Prolapso retal,B
HELMINTOS,130,Marque a alternativa INCORRETA sobre o ciclo e diagnóstico dos oxyuris equi:,"O período pré-patente é de aproximadamente 5 meses, dificultando o diagnóstico precoce.",O diagnóstico pode incluir o uso de fita adesiva aplicada na região perianal para identificação de ovos.,O ciclo dos oxiúros exige um hospedeiro intermediário para o desenvolvimento da L3.,A infecção pode ser identificada clinicamente pela presença de prurido anal e alopecia e visualizção ovos e femeas no exame laboratorial,,C
HELMINTOS,131,O parasita Oxyuris principalmente em qual espécie?,Cães e gatos,Apenas cães,"Cães, humanos e equinos",Equinos,,D
HELMINTOS,132,Qual a principal complicação causada pela migração larval de Strongylus vulgaris?,Insuficiência renal,Arterite e cólica tromboembólica,Hepatite parasitária,Pneumonia hemorrágica,,B
HELMINTOS,133,"Em relação aos pequenos estrôngilos, qual característica epidemiológica favorece sua alta prevalência?",Longo período pré-patente (PPP),Resistência a temperatura ambiental,PPP mais curto (6 a 12 semanas),Necessidade de hospedeiro intermediário,Vermes adultos são muito resistente as vermífugos,C
HELMINTOS,134,Qual característica não pertence a pequenos estrôngilos,Estão relacionados a grande quantidade de vermes,PPP é curto \- 6 a 12 semanas,As larvas penetram na parede do IG e são adultas,Realizam migração transmural,,D
HELMINTOS,135,"Sobre os pequenos estrôngilos (ciastomíneos), assinale a alternativa CORRETA:","A infecção é rara e geralmente assintomática, não sendo associada a cólicas.",Larvas penetram a parede do intestino grosso e se tornam adultos na cavidade peritoneal.,São a principal causa de cólicas em equinos devido à intensa migração larval na parede intestinal.,Apenas animais com mais de 3 anos de idade são acometidos.,,C
HELMINTOS,136,Marque a alternativa INCORRETA sobre o tratamento e controle de estrôngilos em equinos:,A maioria dos vermífugos são administrados por via oral.,As formas de controle rotação de pastagem e .pastejo misto e retiradas das fezes do pasto,Mesmo os vermes aderidos à parede intestinal são facilmente eliminados com qualquer anti-helmíntico.,"O controle deve ser feito em todas as classes de equídeos, incluindo tração e esporte.",,C
HELMINTOS,137,O diagnóstico laboratorial da Dictyocaulose em bovinos é preferencialmente feito por:,Método Knott modificada,OPG,Método de Baermann para L1 nas fezes,Dosagem de IgM,,C
HELMINTOS,138,A infecção por Dictyocaulus arnfieldi em equídeos é geralmente:,Sintomática e fatal em cavalos.,"Assintomática em equinos, mas pode causar tosse e hiperpneia em asininos e muares após exercício.",Transmitida exclusivamente pela ingestão de moluscos infectados.,Limitada a animais com mais de 10 anos de idade.,,B
HELMINTOS,139,Marque a alternativa INCORRETA sobre os sintomas clínicos da fase de patência da Dictiocaulose :,Aumento da frequência respiratória e tosse são sinais comuns.,Enfisema e edema podem ocorrer devido ao acúmulo de muco e vermes.,"A infecção geralmente se limita ao intestino, com diarreia como principal sinal.",Pode levar à morte em casos graves.,,C
HELMINTOS,140,Qual das seguintes alternativas está CORRETA sobre a epidemiologia de D. viviparus?,Os adultos são sempre sintomáticos e devem ser descartados.,O parasita é mais comum em regiões áridas e muito quentes.,"Os bezerros jovens são mais suscetíveis, especialmente após 1 ano de pastejo.",O clima não influencia na disseminação do parasita.,,C
HELMINTOS,141,Marque a alternativa INCORRETA sobre o controle da dictiocaulose:,Separar os animais por idade é uma das medidas de prevenção.,As larvas de D. viviparus são extremamente resistentes ao calor e à seca.,Permitir que o bezerro adquira imunidade é parte da estratégia de controle.,O rodízio e descanso de pastagens ajudam na redução da infestação.,,B
HELMINTOS,142,Marque a alternativa CORRETA sobre a fase de pós-patência da infecção por Dictyocaulus viviparus:,É a fase onde os vermes adultos estão se desenvolvendo no intestino delgado.,"Ocorre regeneração completa do tecido pulmonar, sem sequelas.","Há eliminação dos vermes adultos, mas pode haver fibrose brônquica e pneumonia intersticial aguda.",Não há mais risco de sintomas clínicos após a eliminação dos vermes.,,C
HELMINTOS,143,Marque a alternativa CORRETA sobre a Aelurostrongilose em gatos:,É causada por um helminto que se aloja nos rins de felinos.,"Tem como agente o *Aelurostrongylus abstrusus*, um nematoide que parasita o parênquima pulmonar.",Apresenta alta mortalidade e resistência a todos os anti-helmínticos disponíveis.,A infecção ocorre exclusivamente pela ingestão de larvas em água contaminada.,,B
HELMINTOS,144,Marque a alternativa INCORRETA sobre o ciclo ou sintomas da Aelurostrongilose:,"O ciclo do parasita é heteroxênico, envolvendo moluscos como hospedeiros intermediários.",Roedores e aves podem atuar como hospedeiros paratênicos.,Os gatos infectados geralmente apresentam quadros neurológicos intensos.,"A doença pode ser assintomática, mas também causar tosse e dispneia",,C
HELMINTOS,145,Marque a alternativa CORRETA sobre o diagnóstico da Aelurostrongilose:,A única forma confiável de diagnóstico é o exame radiográfico.,A identificação do parasito é feita exclusivamente por hemograma.,O método de Baermann pode ser utilizado para detectar larvas nas fezes.,"O diagnóstico é sempre clínico, baseado apenas nos sinais respiratórios.",,C
HELMINTOS,146,Qual o hospedeiro intermediário do Metastrongylus spp.?,Caramujos,Besouros,Minhocas,Moscas,Baratas,C
HELMINTOS,147,Marque a alternativa INCORRETA sobre a Metastrongilose em suínos:,Leitões jovens são os mais suscetíveis à infecção.,A principal via de infecção é a ingestão do hospedeiro intermediário.,"A doença causa pneumonia secundária, tosse e dispneia.",Suínos criados em granja estão mais suscetíveis,,D
HELMINTOS,148,Sobre o hospedeiro intermediário da Metastrongilose é correto afirmar:,É um molusco encontrado em locais com rios,"É um anelídeo, neste ocorre às evolução da larva de L1 a L2, sendo a última a forma infectante","O anelídeo é o hospedeiro intermediário, este é infectado pela larva na fase L1 permanecendo até L3 quando sai do HI e volta para ambiente para infectar os suínos",É uma minhoca que uma vez infectada pela forma L1 desenvolve até L3 e se ingerida causa a Metastrongilose em suínos,,D
HELMINTOS,149,Marque a alternativa CORRETA sobre Spirocerca lupi:,"Seu ciclo biológico é direto, sem necessidade de hospedeiros intermediários.",A forma adulta do parasita localiza-se nos alvéolos pulmonares.,O parasita adulto causa lesões granulomatosas no esôfago e no estômago.,A infecção em cães ocorre somente por via transplacentária.,,C
HELMINTOS,150,Marque a alternativa INCORRETA sobre o ciclo e a patogenia de Spirocerca lupi:,A migração larval pode provocar aneurismas na aorta dos cães.,O parásito utiliza besouros coprófagos como hospedeiros intermediários.,"Na fase adulta há migração pela aorta, enquanto na fase larval estas estão presente apenas no esofago e estomago",A ingestão de lagartos ou roedores pode transmitir a infecção aos cães,,C
HELMINTOS,151,Quanto ao hospedeiro paratênico (HP) da Spirocerca lupi marque a alternativa correta,"Os besouros coprofagos são HP, não sendo necessarios para completar o ciclo",Os HP são os anelídeos,"Os HP são os moluscos, roedores e aves",Os HP podem ou não está presente no ciclo,,D
HELMINTOS,152,Marque a alternativa CORRETA sobre a infecção por Spirocerca lupi:,O parasita adulto é encontrado comumente no intestino delgado de cães.,A infecção pode causar cólica trombo embólica em equinos,A infecção pode causar estenose esofágica e aneurisma da aorta em cães.,"O parasito possui ciclo direto, típico de nematoides intestinais.",,C
HELMINTOS,153,"Sobre o ciclo biológico de Physaloptera praeputialis, assinale a alternativa CORRETA:",A forma infectante é a larva L1 eliminada nas fezes.,Cães e gatos se infectam por via transplacentária.,"Os hospedeiros intermediários incluem baratas, besouros e grilos.",A forma adulta do parasito se instala no intestino grosso dos animais.,,C
HELMINTOS,154,"Em relação à patogenia da *Physaloptera praeputialis*, marque a alternativa INCORRETA:",Pode causar gastrite hemorrágica devido à ação hematófaga.,Os animais infectados são sempre sintomáticos.,Melena e vômitos são possíveis sinais clínicos.,"Em muitos casos, o diagnóstico ocorre somente na necropsia.",,B
HELMINTOS,155,Assinale a alternativa INCORRETA sobre a infecção por Physaloptera praeputialis:,O parasito é cosmopolita e afeta cães e gatos.,Os ovos são eliminados nas fezes já contendo larvas.,Os vermes adultos se instalam na mucosa do estômago.,O método de flutuação são os mais utilizados para diagnóstico,,D
HELMINTOS,156,Qual das alternativas representa uma característica típica da infecção por *Physaloptera praeputialis* em cães e gatos?,Os vermes adultos se localizam nos brônquios e causam dispneia.,A infecção ocorre principalmente por ingestão de ovos no ambiente.,Os animais infectados geralmente apresentam vômitos e melena.,O hospedeiro intermediário é exclusivamente o roedores,,C
HELMINTOS,157,Qual das seguintes afirmações sobre Ancylostoma sp. está CORRETA?,Ancylostoma braziliense apresenta alta patogenicidade por ser altamente hematófago.,Ancylostoma caninum pode causar infecção por via transmamária em filhotes.,A forma infectante é o ovo embrionado eliminado nas fezes.,A zoonose causada por Ancylostoma tubaeforme é a Larva Migrans Cutânea.,,B
HELMINTOS,158,Qual é a principal via de infecção por Ancylostoma caninum em filhotes recém-nascidos?,Ingestão de aves de roedores infectados por L3,Inalação de larvas no ambiente,Via transmamária,Mordidas de outros animais,,C
HELMINTOS,159,Qual das espécies abaixo é hematófaga?,*Ancylostoma caninum*,*Ancylostoma tubaeforme*,*Ancylostoma braziliense*,*Uncinaria stenocephala*,,A
HELMINTOS,160,"Sobre a Larva Migrans Cutânea (LMC), assinale a alternativa correta:",É causada por ingestão de larvas de Ancylostoma tubaeforme,Ocorre devido à penetração de larvas L1 na pele,É causada principalmente por Ancylostoma braziliense,É transmitida por picadas de vetores hematófagos,,C
HELMINTOS,161,Qual dos seguintes sinais clínicos está mais relacionado Ancylostoma caninum?,Timpanismo,Melena e anemia,Dermatite alérgica,Salivação excessiva,,B
HELMINTOS,162,Qual das alternativas a seguir descreve corretamente as  via de transmissão de Toxocara canis ?,Via oral e transplacentária,Somente via transplacentária,Via cutânea e oral,"Via transplacentária, oral e transmamária",,D
HELMINTOS,163,"Em humanos, a infecção por Toxocara sp. pode causar qual das seguintes condições?",Larva migrans cutânea,Larva migrans hepática,Larva migrans ocular e visceral,Enterite hemorrágica aguda,,C
HELMINTOS,164,Qual das espécies de *Toxocara* não apresenta transmissão transplacentária?,*Toxocara canis*,*Toxocara cati*,*Toxascaris leonina*,Todas apresentam,,B
HELMINTOS,165,Sobre o toracara canis é correto afirmar?,"Não é uma zoonose, infecta apenas cães",È uma zoonose e apesar do nome pode infectar cães e gatos também,Nos humanos é responsável pela larva migrans cutânea,"É responsável pela larva migrans visceral, sendo os principais órgão acometido o fígado, intestino e coração.","As vias de infecção é oral, transplacentária e transmamária, sendo esta última  menos importante",E
HELMINTOS,166,Qual das manifestações clínicas pode ser observada em infecções intensas por *Toxocara canis*?,Prolapso retal,"Obstrução intestinal, tosse e edema pulmonar",Icterícia e tenesmo,Dermatite ulcerativa,,B
HELMINTOS,167,"Em relação à migração larval de *Toxocara canis* em filhotes com menos de  meses de idade, qual é o trajeto correto?",Trato gastrointestinal → fígado → pulmões → traqueia → intestino,Pele → vasos linfáticos → coração → rins,Intestino → fígado → rins → intestino,Pulmões → pele → intestino,,A
HELMINTOS,168,"Sobre o ciclo de vida de *Trichuris vulpis*, assinale a alternativa correta:",Ocorre migração pulmonar das larvas após ingestão.,A forma infectante é o ovo embrionado contendo larva L3.,O parasita se aloja no intestino delgado dos cães.,O ovo contendo larva L1 é a forma infectante e pode resistir por anos no ambiente.,,D
HELMINTOS,169,Qual das manifestações clínicas abaixo é mais comumente associada à infecção por *Trichuris vulpis* em cães gravemente parasitados?,Dermatite alérgica,Prolapso retal,Convulsões,Icterícia,,B
HELMINTOS,170,Assinale a alternativa incorreta sobre *Trichuris vulpis*:,O ciclo ocorre sem necessidade de hospedeiros intermediários.,Os ovos são eliminados nas fezes e podem permanecer viáveis no ambiente por anos.,A forma adulta habita o ceco e o cólon dos cães.,Cães e gatos são hospedeiros naturais desse parasita.,,D
HELMINTOS,171,Qual das alternativas representa um método diagnóstico laboratorial adequado para detecção de ovos de *Trichuris vulpis* nas fezes?,Método de Baermann,Raspado cutâneo,Flutuação fecal,Sedimentação simples,,C
HELMINTOS,172,Qual a principal medida para evitar a resistência aos anti-helmínticos nos protocolos de desverminação em cães?,Vermifugar mensalmente com o mesmo princípio ativo.,Administrar apenas durante surtos de parasitose.,Alternar o princípio ativo a cada 3 ciclos de vermifugação.,Usar antibióticos junto aos vermífugos.,,C
HELMINTOS,173,Quais são os principais hospedeiros intermediários (HI) do Dipylidium caninum?,Carrapatos e mosquitos,Pulgas e piolhos,Caramujos e lesmas,Roedores e aves,Moscas,B
HELMINTOS,174,Qual a forma infectante do Dipylidium caninum para o hospedeiro definitivo?,Proglotes,Ovo,Larva cisticercóide,Adulto,Forma L3,C
HELMINTOS,175,"Sobre o ciclo de vida do *Dipylidium caninum*, assinale a alternativa correta:",A infecção ocorre pela ingestão de ovos presentes no solo.,Os cães e gatos se infectam ao ingerir proglotes eliminados nas fezes.,A infecção ocorre pela ingestão de pulgas ou piolhos infectados com cisticercóides.,A forma infectante é a larva L3 presente em vegetais contaminados.,,C
HELMINTOS,176,"Em relação à zoonose causada por *Dipylidium caninum*, marque a alternativa correta:",Acomete preferencialmente idosos.,Humanos não são suscetíveis a esse parasita.,Crianças podem se infectar acidentalmente ao ingerirem pulgas.,A infecção ocorre pela penetração da larva na pele,,C
HELMINTOS,177,"Sobre o parasita *Dipylidium caninum*, assinale a alternativa INCORRETA:","É um cestódeo que pode infectar cães, gatos e seres humanos.",A espécie D. caninum é específica de cães e D. felis ocorre somente em gatos e humanos,A forma infectante para o hospedeiro definitivo é o cisticercoide presente nas pulgas ou piolhos.,A infecção em humanos ocorre principalmente em crianças.,,B
HELMINTOS,178,Por que não é mais utilizado o  tratamento adulticida para a Dirofilariose ?,Porque deixam os animais debilitado devido a seu efeitos imunossupressor,Porque os vermes adultos já se tornaram resistente as esses fármacos,"Porque pode levar ao desprendimento dos vermes adultos, causando tromboembolismo pulmonar.",Porque promove morte das microfilárias causando tromboembolismo pulmonar,Notou-se que esses fármacos não tem ação sobre os vermes quando estão presentes dentro da câmaras cardíacas,C
HELMINTOS,179,Qual das alternativas a seguir está CORRETA sobre a Dirofilariose?,O gato é um hospedeiro intermediário e importante na transmissão da doença.,A forma adulta da *Dirofilaria immitis* se localiza no intestino delgado dos cães.,A transmissão só ocorre quando o mosquito inocula larvas L3 durante o repasto sanguíneo.,A infecção por Dirofilaria ocorre mesmo sem a presença de microfilárias no sangue periférico.,,C
HELMINTOS,180,"Sobre a sintomatologia da Dirofilariose, é INCORRETO afirmar que:",A maioria dos casos em cães é subclínica ou apresenta sinais leves.,"Casos graves podem apresentar edema pulmonar, caquexia e ascite.","Em gatos, é comum encontrar grande número de vermes adultos no coração.",A obstrução da veia cava caudal é uma complicação grave e pode ser fatal rapidamente.,,C
HELMINTOS,181,Os vetores responsáveis pela transmissão de Dirofilariose pertencem ao gênero:,"Simulium, Anopheles, Ctenocephalides","Aedes, Culex e Anopheles","Pulex, Trichodectes, Culex","Lutzomyia, Culex, Tabanus",,B
HELMINTOS,182,A zoonose causada por *Dirofilaria immitis* em humanos geralmente se manifesta como:,Enterite hemorrágica.,Dirofilariose cardíaca com insuficiência valvular.,Lesão pulmonar por larvas migrantes.,Nefrite crônica com proteinúria.,,C
HELMINTOS,183,"Sobre o diagnóstico da Dirofilariose, assinale a alternativa INCORRETA:",O teste de Knott modificado é utilizado para concentrar e identificar microfilárias no sangue.,O diagnóstico sorológico pode ser feito por kit de ELISA.,As microfilárias aparecem na circulação dias após a infecção sendo possível o diagnóstico nas primeiras semanas após infecção,"A radiografia pode mostrar dilatação cardíaca, sendo sugestivo para infecção pelo parasita",Os testes Kit de ELISA e Knott modificado são testes direto,C
HELMINTOS,184,A principal forma de prevenção da cisticercose humana é:,Evitar o contato com animais infectados.,Beber água fervida.,Consumir carne bem cozida e melhorar práticas de saneamento básico.,Tomar vacina contra Taenia solium.,Aplicar antiparasitários nos animais,C
HELMINTOS,185,A neurocisticercose ocorre quando:,O ser humano ingere carne mal passada de boi.,O ser humano ingere ovos da Taenia solium.,O suíno ingere carne contaminada.,O bovino ingere proglotes da Taenia saginata.,A larva se aloja exclusivamente na musculatura esquelética humana.,B
HELMINTOS,186,A infecção humana pela *Taenia saginata* ocorre por meio de:,Ingestão de ovos eliminados nas fezes de bovinos.,Ingestão de carne bovina crua ou mal cozida contendo cisticercos.,Ingestão de carne suína crua ou mal passada contendo cisticercos,Contato direto com a mucosa intestinal de animais infectados.,,B
HELMINTOS,187,"A respeito da cisticercose em suínos, é CORRETO afirmar:",A infecção ocorre pela ingestão de carne bovina mal passada.,Os principais locais de instalação dos cisticercos são fígado e rins.,Pode causar sinais como paralisia da língua e dificuldade na mastigação.,"Os suínos eliminam ovos nas fezes, servindo como fonte de infecção.",,C
HELMINTOS,188,Qual é o exame mais indicado para o diagnóstico de Teníase no homem?,Pesquisa de larvas no sangue periférico.,Cultura de fezes em meio seletivo.,Presença de anéis de Taenia na roupa íntima ou fezes.,Sorologia por ELISA.,,C
HELMINTOS,189,Marque a alternativa que NÃO representa uma via de infecção por cisticercose:,Auto-infecção endógena por retroperistaltismo.,Ingestão de carne suína mal cozida contendo cisticercos.,Hetero-infecção por ovos presentes em verduras contaminadas.,Auto-infecção exógena por má higiene das mãos.,,B
HELMINTOS,190,"Sobre a Equinococose, assinale a alternativa CORRETA:",O ser humano é o hospedeiro definitivo de *Echinococcus granulosus*.,"Os cães desenvolvem a forma larval da doença, denominada hidatidose.",A equinococose corresponde à forma adulta do parasito em cães e canídeos.,Os bovinos são os principais transmissores da equinococose aos cães.,,C
HELMINTOS,191,Qual das alternativas descreve uma medida correta de prevenção da cisticercose?,Congelar a carne a -2 °C por 2 dias elimina cisticercos.,Cozinhar bem a carne e tratar adequadamente esgotos humanos.,Lavar a carne crua com vinagre antes do consumo elimina os parasitas.,A cisticercose é evitada exclusivamente com a vacinação de suínos.,,B
HELMINTOS,192,Assinale o hospedeiro intermediário mais importante na epidemiologia da hidatidose:,Caprinos,Bovinos,Suínos,Ovinos,,D
HELMINTOS,193,O principal hospedeiro definitivo na equinococose é:,Asininos,Ovinos.,Equinos,Cães.,Ser humano.,D
HELMINTOS,194, Por que cães não desenvolvem a hidatidose?,Porque não possuem ácido deoxicólico para ativar a oncosfera.,Porque não ingerem os ovos.,Porque a imunidade natural os protege.,Porque são apenas hospedeiros intermediários.,Porque a forma larval não sobrevive em seu intestino.,A
HELMINTOS,195,"Sobre a transmissão da Hidatidose, é INCORRETO afirmar:",O homem pode adquirir a infecção por contato com cães contaminados.,Os cistos hidáticos se formam após ingestão de carne crua contaminada.,Os ovos do parasito podem contaminar o ambiente via fezes de cães.,O homem atua como hospedeiro intermediário acidental,,B
HELMINTOS,196,"Em humanos, qual órgão é mais frequentemente afetado pela hidatidose?",Coração,Baço,Fígado,Rins,,C
HELMINTOS,197,Qual alternativa apresenta uma medida correta de prevenção da Equinococose- Hidatidose?,Alimentar os cães com vísceras cruas provenientes de matadouros.,"Evitar o uso de vermífugos em cães, para não interferir na flora intestinal.",Reduzir o contato entre cães e carnes cruas contaminadas.,Estimular o abate clandestino para evitar inspeção de cistos.,,C
HELMINTOS,198,A forma infectante da Fasciola hepatica para os hospedeiros definitivos é:,Miracídio.,Forma L3,Cercária.,Metacercária.,Ovo.,D
HELMINTOS,199,A importância econômica da fasciolose está relacionada principalmente a:,As alterações de vísceras são pouco perceptíveis e passam despercebidas no abatedouro não comprometendo a comercialização.,Há condenação das alças intestinais dos animais que estão parasitados .,Condenação de fígados e redução da produtividade.,Risco de epidemias em humanos.,Toda a carcaça é condenada se o animal estiver parasitado por representar grande risco de contaminação humana,C
HELMINTOS,200,Qual das alternativas corresponde corretamente ao hospedeiro intermediário de Fasciola hepatica?,Capivara,Bovino,Caramujo do gênero Lymnaea,Rato-do-banhado,,C
HELMINTOS,201,Qual das espécies animais apresenta maior suscetibilidade à forma aguda da fasciolose?,Bovinos,Caprinos,Ovinos,Suínos,,C
HELMINTOS,202,"Sobre a patogenia da fasciolose, marque a alternativa INCORRETA:",A metacercária desencista no intestino delgado e migra para o fígado.,A fase aguda é caracterizada por lesões provocadas durante a migração larval.,A fase crônica é associada à presença do parasita nos pulmões.,A obstrução dos ductos biliares ocorre na fase adulta crônica,,C
ECTOPARASITAS,203,Qual das medidas abaixo é considerada eficaz no controle da fasciolose em áreas endêmicas?,Uso de praziquantel nos animais de produção,Liberação de ovos de *Fasciola hepatica* em pastagens secas,Controle dos moluscos com malacolicidas e drenagem de terrenos alagados,Introdução de novos caramujos para competir com *Lymnaea* spp,,C
ECTOPARASITAS,204,Qual dos seguintes ácaros vive nos folículos pilosos e glândulas sebáceas dos cães?,Sarcoptes scabiei,Psoroptes ovis,Demodex canis,Notoedres cati,,C
ECTOPARASITAS,205,Qual sarna é considerada altamente contagiosa entre gatos e se dissemina pelo contato direto?,Sarna demodécica,Sarna otodécica,Sarna notoédrica,Sarna corióptica,,C
ECTOPARASITAS,206,"Sobre a sarna demodécica canina, é correto afirmar que:",É altamente contagiosa entre cães.,Está sempre associada a prurido intenso.,É mais comum em cães adultos saudáveis.,Pode apresentar forma localizada ou generalizada.,,D
ECTOPARASITAS,207,A sarna causada por *Otodectes cynotis* acomete principalmente:,Cães e gatos,Bovinos,Suínos,Equinos,,A
ECTOPARASITAS,208,Qual é a forma de transmissão da demodiciose em cães?,Ingestão de água contaminada,Inalação de ácaros no ambiente,Contato direto com secreções nasais,Contato íntimo entre a mãe e os filhotes,,D
ECTOPARASITAS,209,O habitat de *Sarcoptes scabiei* em cães geralmente inclui:,"Dorso, cauda e pavilhão auricular","Pavilhão auricular, cotovelos e abdome",Pescoço e escápula,Narinas e coxas,,B
ECTOPARASITAS,210,Qual espécie causa sarna sarcóptica em cães?,Sarcoptes ovis,Notoedres cati,Sarcoptes scabiei,Chorioptes bovis,,C
ECTOPARASITAS,211,A sarna sarcóptica é caracterizada principalmente por:,Lesões ulceradas e alopecia generalizada sem prurido,"Prurido intenso, eritema, crostas e escoriações",Pústulas e secreção purulenta intensa,Presença de larvas migratórias,,B
ECTOPARASITAS,212,Em qual espécie a sarna notoédrica é considerada rara?,Gatos,Cães,Coelhos,Suínos,,B
ECTOPARASITAS,213,A sarna demodécica é considerada uma doença:,Altamente transmissível por contato,Associada a fatores hereditários e imunossupressão,Exclusiva de animais adultos,De manifestação exclusivamente no pavilhão auditivo,,B
ECTOPARASITAS,214,A sarna otodécica causa sintomas típicos como:,Lesões em membros e úbere,Pústulas com exsudato purulento,Secreção escura nos ouvidos tipo “borra de café”,Alopecia em forma de colar cervical,,C
ECTOPARASITAS,215,*Psoroptes spp.* é um gênero de ácaros de importância principalmente em:,Cães e gatos,Apenas ovinos,Bovinos e ovinos,Apenas bovinos,,C
ECTOPARASITAS,216,"Sobre o diagnóstico da escabiose canina, é correto afirmar que:",O raspado de pele é altamente sensível,Requer dois raspados para confirmação,Devem ser realizados de 7 a 10 raspados por animal,Só pode ser diagnosticada via PCR,,C
ECTOPARASITAS,217,Qual sarna apresenta alta sensibilidade ao raspado e é facilmente confirmada por ele?,Sarna demodécica,Sarna notoédrica,Sarna sarcóptica,Sarna otodécica,,A
ECTOPARASITAS,218,Qual dessas sarnas é de notificação compulsória em vários países e causa grande impacto em ovinos?,Sarna demodécica,Sarna notoédrica,Sarna otodécica,Sarna psorótica (*Psoroptes ovis*),,D
ECTOPARASITAS,219,A principal característica das miíases obrigatórias é:,As larvas só se desenvolvem em matéria vegetal.,As larvas se desenvolvem apenas em tecidos vivos.,São causadas apenas por moscas hematófagas.,O ciclo depende da presença de fezes.,,B
ECTOPARASITAS,220,A miíase biontófaga é aquela em que:,As larvas se alimentam apenas de restos vegetais.,"As larvas invadem tecidos vivos, causando dano direto.",As larvas alimentam-se de animais já mortos.,O parasitismo ocorre apenas em aves.,,B
ECTOPARASITAS,221,A mosca *Cochliomyia hominivorax* causa:,Miíase facultativa de ferida,Miíase gastrointestinal,Miíase obrigatória traumática,Miíase cutânea por ovos em fezes,,C
ECTOPARASITAS,222,A miíase cutânea causada por larvas de *Dermatobia hominis* é conhecida como:,Bicheira,Berne,Miíase intestinal,Miíase nasal,,B
ECTOPARASITAS,223,A transmissão de *Dermatobia hominis* ocorre por:,Deposição direta de ovos no solo,Ingestão de alimentos contaminados,Fixação de ovos em moscas ou mosquitos vetores,Penetração direta das larvas pela pele,,C
ECTOPARASITAS,224,A larva de *Dermatobia hominis* se localiza principalmente:,"No tecido subcutâneo, formando um nódulo furunculóide",Na cavidade nasal,No sistema digestório,No fígado dos bovinos,,A
ECTOPARASITAS,225,Uma diferença entre *C. hominivorax* e *D. hominis* é que:,Ambas causam o mesmo tipo de lesão.,*C. hominivorax* é endêmica apenas no Norte do Brasil.,*C. hominivorax* infesta feridas.,*D. hominis* é uma mosca hematófaga.,,C
ECTOPARASITAS,226,A *Musca domestica* pode estar envolvida em casos de miíase:,"Não, é apenas vetor mecânico, sem participação parasitária.","Sim, como agente de miíase facultativa em feridas ou cavidades.","Sim, causando miíase obrigatória tecidual.","Sim, exclusivamente em animais imunossuprimidos.",,B
ECTOPARASITAS,227,Qual mosca hematófaga é vetor mecânico importante e pode causar irritação intensa nos animais?,*Lucilia sericata*,*Cochliomyia hominivorax*,*Stomoxys calcitrans*,*Musca domestica*,,C
ECTOPARASITAS,228,A principal fonte de alimento da *Stomoxys calcitrans* é:,Néctar,Matéria orgânica em decomposição,Sangue,Secreções oculares,,C
ECTOPARASITAS,229,A bicheira causada por *C. hominivorax* se instala geralmente:,No intestino,Em feridas abertas,No nariz,Nas articulações,,B
ECTOPARASITAS,230,Qual o nome da estrutura respiratória visível na larva de *D. hominis*?,Tromba,Espiráculo posterior,Cerdas sensoriais,Escolex,,B
ECTOPARASITAS,231,O desenvolvimento da larva de *Dermatobia hominis* leva cerca de:,2 dias,7 dias,15 dias,30 a 60 dias,,D
